<?xml version="1.0" encoding="UTF-8"?>
<Structure xmlns="http://www.SDMX.org/resources/SDMXML/schemas/v2_0/message" xmlns:common="http://www.SDMX.org/resources/SDMXML/schemas/v2_0/common" xmlns:compact="http://www.SDMX.org/resources/SDMXML/schemas/v2_0/compact" xmlns:cross="http://www.SDMX.org/resources/SDMXML/schemas/v2_0/cross" xmlns:generic="http://www.SDMX.org/resources/SDMXML/schemas/v2_0/generic" xmlns:query="http://www.SDMX.org/resources/SDMXML/schemas/v2_0/query" xmlns:structure="http://www.SDMX.org/resources/SDMXML/schemas/v2_0/structure" xmlns:utility="http://www.SDMX.org/resources/SDMXML/schemas/v2_0/utility" xmlns:xsi="http://www.w3.org/2001/XMLSchema-instance" xsi:schemaLocation="http://www.SDMX.org/resources/SDMXML/schemas/v2_0/message SDMXMessage.xsd">
<Header>
<ID>hlth_ehis_de2_DSD</ID>
<Test>false</Test>
<Truncated>false</Truncated>
<Name xml:lang="en">hlth_ehis_de2_DSD</Name>
<Prepared>2020-02-26T03:50:19</Prepared>
<Sender id="EUROSTAT">
<Name xml:lang="en">EUROSTAT</Name>
</Sender>
<Receiver id="XML">
<Name xml:lang="en">XML File</Name>
</Receiver>
</Header>

<CodeLists>
<structure:CodeList id="CL_BMI" agencyID="EUROSTAT" isFinal="true">
<structure:Name xml:lang="en">Body Mass Index</structure:Name>
<structure:Name xml:lang="de">Index der Körpermasse</structure:Name>
<structure:Name xml:lang="fr">Indice de masse corporelle</structure:Name>
<structure:Code value="LT18P5">
<structure:Description xml:lang="en">Underweight</structure:Description>
<structure:Description xml:lang="de">Untergewicht</structure:Description>
<structure:Description xml:lang="fr">Insuffisance pondérale</structure:Description>
</structure:Code>
<structure:Code value="18P5-25">
<structure:Description xml:lang="en">Normal</structure:Description>
<structure:Description xml:lang="de">Normale</structure:Description>
<structure:Description xml:lang="fr">Normal</structure:Description>
</structure:Code>
<structure:Code value="25-30">
<structure:Description xml:lang="en">Overweight</structure:Description>
<structure:Description xml:lang="de">Übergewicht</structure:Description>
<structure:Description xml:lang="fr">Surcharge pondérale</structure:Description>
</structure:Code>
<structure:Code value="GE30">
<structure:Description xml:lang="en">Obese</structure:Description>
<structure:Description xml:lang="de">Fettleibig</structure:Description>
<structure:Description xml:lang="fr">Obèse</structure:Description>
</structure:Code>
</structure:CodeList>
<structure:CodeList id="CL_SEX" agencyID="EUROSTAT" isFinal="true">
<structure:Name xml:lang="en">Sex</structure:Name>
<structure:Name xml:lang="de">Geschlecht</structure:Name>
<structure:Name xml:lang="fr">Sexe</structure:Name>
<structure:Code value="T">
<structure:Description xml:lang="en">Total</structure:Description>
<structure:Description xml:lang="de">Insgesamt</structure:Description>
<structure:Description xml:lang="fr">Total</structure:Description>
</structure:Code>
<structure:Code value="M">
<structure:Description xml:lang="en">Males</structure:Description>
<structure:Description xml:lang="de">Männer</structure:Description>
<structure:Description xml:lang="fr">Hommes</structure:Description>
</structure:Code>
<structure:Code value="F">
<structure:Description xml:lang="en">Females</structure:Description>
<structure:Description xml:lang="de">Frauen</structure:Description>
<structure:Description xml:lang="fr">Femmes</structure:Description>
</structure:Code>
</structure:CodeList>
<structure:CodeList id="CL_AGE" agencyID="EUROSTAT" isFinal="true">
<structure:Name xml:lang="en">Age class</structure:Name>
<structure:Name xml:lang="de">Altersklasse</structure:Name>
<structure:Name xml:lang="fr">Classe d'âge</structure:Name>
<structure:Code value="TOTAL">
<structure:Description xml:lang="en">Total</structure:Description>
<structure:Description xml:lang="de">Insgesamt</structure:Description>
<structure:Description xml:lang="fr">Total</structure:Description>
</structure:Code>
<structure:Code value="Y18-44">
<structure:Description xml:lang="en">From 18 to 44 years</structure:Description>
<structure:Description xml:lang="de">18 bis 44 Jahre</structure:Description>
<structure:Description xml:lang="fr">De 18 à 44 ans</structure:Description>
</structure:Code>
<structure:Code value="Y45-54">
<structure:Description xml:lang="en">From 45 to 54 years</structure:Description>
<structure:Description xml:lang="de">45 bis 54 Jahre</structure:Description>
<structure:Description xml:lang="fr">De 45 à 54 ans</structure:Description>
</structure:Code>
<structure:Code value="Y55-64">
<structure:Description xml:lang="en">From 55 to 64 years</structure:Description>
<structure:Description xml:lang="de">55 bis 64 Jahre</structure:Description>
<structure:Description xml:lang="fr">De 55 à 64 ans</structure:Description>
</structure:Code>
<structure:Code value="Y65-74">
<structure:Description xml:lang="en">From 65 to 74 years</structure:Description>
<structure:Description xml:lang="de">65 bis 74 Jahre</structure:Description>
<structure:Description xml:lang="fr">De 65 à 74 ans</structure:Description>
</structure:Code>
<structure:Code value="Y_GE75">
<structure:Description xml:lang="en">75 years or over</structure:Description>
<structure:Description xml:lang="de">75 Jahre und mehr</structure:Description>
<structure:Description xml:lang="fr">75 ans ou plus</structure:Description>
</structure:Code>
</structure:CodeList>
<structure:CodeList id="CL_QUANTILE" agencyID="EUROSTAT" isFinal="true">
<structure:Name xml:lang="en">Quantile</structure:Name>
<structure:Name xml:lang="de">Quantil</structure:Name>
<structure:Name xml:lang="fr">Quantile</structure:Name>
<structure:Code value="TOTAL">
<structure:Description xml:lang="en">Total</structure:Description>
<structure:Description xml:lang="de">Insgesamt</structure:Description>
<structure:Description xml:lang="fr">Total</structure:Description>
</structure:Code>
<structure:Code value="QU1">
<structure:Description xml:lang="en">First quintile</structure:Description>
<structure:Description xml:lang="de">Erstes Quintil</structure:Description>
<structure:Description xml:lang="fr">Premier quintile</structure:Description>
</structure:Code>
<structure:Code value="QU2">
<structure:Description xml:lang="en">Second quintile</structure:Description>
<structure:Description xml:lang="de">Zweites Quintil</structure:Description>
<structure:Description xml:lang="fr">Second quintile</structure:Description>
</structure:Code>
<structure:Code value="QU3">
<structure:Description xml:lang="en">Third quintile</structure:Description>
<structure:Description xml:lang="de">Drittes Quintil</structure:Description>
<structure:Description xml:lang="fr">Troisième quintile</structure:Description>
</structure:Code>
<structure:Code value="QU4">
<structure:Description xml:lang="en">Fourth quintile</structure:Description>
<structure:Description xml:lang="de">Viertes Quintil</structure:Description>
<structure:Description xml:lang="fr">Quartième quintile</structure:Description>
</structure:Code>
<structure:Code value="QU5">
<structure:Description xml:lang="en">Fifth quintile</structure:Description>
<structure:Description xml:lang="de">Fünftes Quintil</structure:Description>
<structure:Description xml:lang="fr">Cinquième quintile</structure:Description>
</structure:Code>
<structure:Code value="UNK">
<structure:Description xml:lang="en">Unknown</structure:Description>
<structure:Description xml:lang="de">Unbekannt</structure:Description>
<structure:Description xml:lang="fr">Inconnu</structure:Description>
</structure:Code>
</structure:CodeList>
<structure:CodeList id="CL_GEO" agencyID="EUROSTAT" isFinal="true">
<structure:Name xml:lang="en">Geopolitical entity (reporting)</structure:Name>
<structure:Name xml:lang="de">Geopolitische Meldeeinheit</structure:Name>
<structure:Name xml:lang="fr">Entité géopolitique (déclarante)</structure:Name>
<structure:Code value="BE">
<structure:Description xml:lang="en">Belgium</structure:Description>
<structure:Description xml:lang="de">Belgien</structure:Description>
<structure:Description xml:lang="fr">Belgique</structure:Description>
</structure:Code>
<structure:Code value="BG">
<structure:Description xml:lang="en">Bulgaria</structure:Description>
<structure:Description xml:lang="de">Bulgarien</structure:Description>
<structure:Description xml:lang="fr">Bulgarie</structure:Description>
</structure:Code>
<structure:Code value="CZ">
<structure:Description xml:lang="en">Czechia</structure:Description>
<structure:Description xml:lang="de">Tschechien</structure:Description>
<structure:Description xml:lang="fr">Tchéquie</structure:Description>
</structure:Code>
<structure:Code value="DE">
<structure:Description xml:lang="en">Germany (until 1990 former territory of the FRG)</structure:Description>
<structure:Description xml:lang="de">Deutschland (bis 1990 früheres Gebiet der BRD)</structure:Description>
<structure:Description xml:lang="fr">Allemagne (jusqu'en 1990, ancien territoire de la RFA)</structure:Description>
</structure:Code>
<structure:Code value="EE">
<structure:Description xml:lang="en">Estonia</structure:Description>
<structure:Description xml:lang="de">Estland</structure:Description>
<structure:Description xml:lang="fr">Estonie</structure:Description>
</structure:Code>
<structure:Code value="EL">
<structure:Description xml:lang="en">Greece</structure:Description>
<structure:Description xml:lang="de">Griechenland</structure:Description>
<structure:Description xml:lang="fr">Grèce</structure:Description>
</structure:Code>
<structure:Code value="ES">
<structure:Description xml:lang="en">Spain</structure:Description>
<structure:Description xml:lang="de">Spanien</structure:Description>
<structure:Description xml:lang="fr">Espagne</structure:Description>
</structure:Code>
<structure:Code value="FR">
<structure:Description xml:lang="en">France</structure:Description>
<structure:Description xml:lang="de">Frankreich</structure:Description>
<structure:Description xml:lang="fr">France</structure:Description>
</structure:Code>
<structure:Code value="CY">
<structure:Description xml:lang="en">Cyprus</structure:Description>
<structure:Description xml:lang="de">Zypern</structure:Description>
<structure:Description xml:lang="fr">Chypre</structure:Description>
</structure:Code>
<structure:Code value="LV">
<structure:Description xml:lang="en">Latvia</structure:Description>
<structure:Description xml:lang="de">Lettland</structure:Description>
<structure:Description xml:lang="fr">Lettonie</structure:Description>
</structure:Code>
<structure:Code value="HU">
<structure:Description xml:lang="en">Hungary</structure:Description>
<structure:Description xml:lang="de">Ungarn</structure:Description>
<structure:Description xml:lang="fr">Hongrie</structure:Description>
</structure:Code>
<structure:Code value="MT">
<structure:Description xml:lang="en">Malta</structure:Description>
<structure:Description xml:lang="de">Malta</structure:Description>
<structure:Description xml:lang="fr">Malte</structure:Description>
</structure:Code>
<structure:Code value="AT">
<structure:Description xml:lang="en">Austria</structure:Description>
<structure:Description xml:lang="de">Österreich</structure:Description>
<structure:Description xml:lang="fr">Autriche</structure:Description>
</structure:Code>
<structure:Code value="PL">
<structure:Description xml:lang="en">Poland</structure:Description>
<structure:Description xml:lang="de">Polen</structure:Description>
<structure:Description xml:lang="fr">Pologne</structure:Description>
</structure:Code>
<structure:Code value="RO">
<structure:Description xml:lang="en">Romania</structure:Description>
<structure:Description xml:lang="de">Rumänien</structure:Description>
<structure:Description xml:lang="fr">Roumanie</structure:Description>
</structure:Code>
<structure:Code value="SI">
<structure:Description xml:lang="en">Slovenia</structure:Description>
<structure:Description xml:lang="de">Slowenien</structure:Description>
<structure:Description xml:lang="fr">Slovénie</structure:Description>
</structure:Code>
<structure:Code value="SK">
<structure:Description xml:lang="en">Slovakia</structure:Description>
<structure:Description xml:lang="de">Slowakei</structure:Description>
<structure:Description xml:lang="fr">Slovaquie</structure:Description>
</structure:Code>
<structure:Code value="TR">
<structure:Description xml:lang="en">Turkey</structure:Description>
<structure:Description xml:lang="de">Türkei</structure:Description>
<structure:Description xml:lang="fr">Turquie</structure:Description>
</structure:Code>
</structure:CodeList>
<structure:CodeList id="CL_TIME_FORMAT" agencyID="SDMX" isFinal="true">
<structure:Name xml:lang="en">Time Format</structure:Name>
<structure:Code value="P1Y">
<structure:Description xml:lang="en">Annual</structure:Description>
</structure:Code>
<structure:Code value="P6M">
<structure:Description xml:lang="en">Semi-annual</structure:Description>
</structure:Code>
<structure:Code value="P3M">
<structure:Description xml:lang="en">Quarterly</structure:Description>
</structure:Code>
<structure:Code value="P1M">
<structure:Description xml:lang="en">Monthly</structure:Description>
</structure:Code>
<structure:Code value="P7D">
<structure:Description xml:lang="en">Weekly</structure:Description>
</structure:Code>
<structure:Code value="P1D">
<structure:Description xml:lang="en">Daily</structure:Description>
</structure:Code>
<structure:Code value="PT1M">
<structure:Description xml:lang="en">Minutely</structure:Description>
</structure:Code>
</structure:CodeList>
<structure:CodeList id="CL_FREQ" agencyID="SDMX" isFinal="true">
<structure:Name xml:lang="en">Frequency code list</structure:Name>
<structure:Code value="A">
<structure:Description xml:lang="en">Annual</structure:Description>
</structure:Code>
<structure:Code value="S">
<structure:Description xml:lang="en">Half-yearly, semester</structure:Description>
</structure:Code>
<structure:Code value="Q">
<structure:Description xml:lang="en">Quarterly</structure:Description>
</structure:Code>
<structure:Code value="M">
<structure:Description xml:lang="en">Monthly</structure:Description>
</structure:Code>
<structure:Code value="W">
<structure:Description xml:lang="en">Weekly</structure:Description>
</structure:Code>
<structure:Code value="B">
<structure:Description xml:lang="en">Business week</structure:Description>
</structure:Code>
<structure:Code value="D">
<structure:Description xml:lang="en">Daily</structure:Description>
</structure:Code>
<structure:Code value="H">
<structure:Description xml:lang="en">Hourly</structure:Description>
</structure:Code>
<structure:Code value="N">
<structure:Description xml:lang="en">Minutely</structure:Description>
</structure:Code>
</structure:CodeList>
<structure:CodeList id="CL_OBS_STATUS" agencyID="EUROSTAT" isFinal="true">
<structure:Name xml:lang="en">Observation status code list</structure:Name>
<structure:Code value="c">
<structure:Description xml:lang="en">confidential</structure:Description>
<structure:Description xml:lang="de">vertraulich</structure:Description>
<structure:Description xml:lang="fr">confidentiel</structure:Description>
</structure:Code>
<structure:Code value="d">
<structure:Description xml:lang="en">definition differs (see metadata)</structure:Description>
<structure:Description xml:lang="de">abweichende Definition (siehe Metadaten)</structure:Description>
<structure:Description xml:lang="fr">définition différente (voir métadonnées)</structure:Description>
</structure:Code>
<structure:Code value="e">
<structure:Description xml:lang="en">estimated</structure:Description>
<structure:Description xml:lang="de">geschätzt</structure:Description>
<structure:Description xml:lang="fr">estimé</structure:Description>
</structure:Code>
<structure:Code value="f">
<structure:Description xml:lang="en">forecast</structure:Description>
<structure:Description xml:lang="de">Prognose</structure:Description>
<structure:Description xml:lang="fr">prévision</structure:Description>
</structure:Code>
<structure:Code value="n">
<structure:Description xml:lang="en">not significant</structure:Description>
<structure:Description xml:lang="de">unbedeutend</structure:Description>
<structure:Description xml:lang="fr">non significatif</structure:Description>
</structure:Code>
<structure:Code value="p">
<structure:Description xml:lang="en">provisional</structure:Description>
<structure:Description xml:lang="de">vorläufig</structure:Description>
<structure:Description xml:lang="fr">provisoire</structure:Description>
</structure:Code>
<structure:Code value="r">
<structure:Description xml:lang="en">revised</structure:Description>
<structure:Description xml:lang="de">revidiert</structure:Description>
<structure:Description xml:lang="fr">révisé</structure:Description>
</structure:Code>
<structure:Code value="s">
<structure:Description xml:lang="en">Eurostat estimate</structure:Description>
<structure:Description xml:lang="de">Eurostat Schätzung</structure:Description>
<structure:Description xml:lang="fr">estimation Eurostat</structure:Description>
</structure:Code>
<structure:Code value="u">
<structure:Description xml:lang="en">low reliability</structure:Description>
<structure:Description xml:lang="de">geringe Zuverlässigkeit</structure:Description>
<structure:Description xml:lang="fr">peu fiable</structure:Description>
</structure:Code>
<structure:Code value="z">
<structure:Description xml:lang="en">not applicable</structure:Description>
<structure:Description xml:lang="de">nicht zutreffend</structure:Description>
<structure:Description xml:lang="fr">non applicable</structure:Description>
</structure:Code>
<structure:Code value="b">
<structure:Description xml:lang="en">break in time series</structure:Description>
<structure:Description xml:lang="de">Zeitreihenbruch</structure:Description>
<structure:Description xml:lang="fr">rupture de série</structure:Description>
</structure:Code>
</structure:CodeList>
</CodeLists>

<Concepts>
<structure:ConceptScheme agencyID="EUROSTAT" id="CONCEPTS" isFinal="true">
<structure:Name xml:lang="en">Concepts</structure:Name>
<structure:Concept id="FREQ"><structure:Name xml:lang="en">Frequency</structure:Name>
</structure:Concept>
<structure:Concept id="bmi"><structure:Name xml:lang="en">Body Mass Index</structure:Name>
<structure:Name xml:lang="de">Index der Körpermasse</structure:Name>
<structure:Name xml:lang="fr">Indice de masse corporelle</structure:Name>
</structure:Concept>
<structure:Concept id="sex"><structure:Name xml:lang="en">Sex</structure:Name>
<structure:Name xml:lang="de">Geschlecht</structure:Name>
<structure:Name xml:lang="fr">Sexe</structure:Name>
</structure:Concept>
<structure:Concept id="age"><structure:Name xml:lang="en">Age class</structure:Name>
<structure:Name xml:lang="de">Altersklasse</structure:Name>
<structure:Name xml:lang="fr">Classe d'âge</structure:Name>
</structure:Concept>
<structure:Concept id="quantile"><structure:Name xml:lang="en">Quantile</structure:Name>
<structure:Name xml:lang="de">Quantil</structure:Name>
<structure:Name xml:lang="fr">Quantile</structure:Name>
</structure:Concept>
<structure:Concept id="geo"><structure:Name xml:lang="en">Geopolitical entity (reporting)</structure:Name>
<structure:Name xml:lang="de">Geopolitische Meldeeinheit</structure:Name>
<structure:Name xml:lang="fr">Entité géopolitique (déclarante)</structure:Name>
</structure:Concept>
<structure:Concept id="TIME_PERIOD"><structure:Name xml:lang="en">Time period or range</structure:Name>
</structure:Concept>
<structure:Concept id="OBS_VALUE"><structure:Name xml:lang="en">Observation Value</structure:Name>
</structure:Concept>
<structure:Concept id="OBS_STATUS"><structure:Name xml:lang="en">Observation Status</structure:Name>
</structure:Concept>
<structure:Concept id="TIME_FORMAT"><structure:Name xml:lang="en">Time Format</structure:Name>
</structure:Concept>
</structure:ConceptScheme>
</Concepts>

<KeyFamilies>
<structure:KeyFamily id="hlth_ehis_de2_DSD" agencyID="EUROSTAT" isFinal="true" isExternalReference="false"><structure:Name xml:lang="en">hlth_ehis_de2_DSD</structure:Name>

<structure:Components>
<structure:Dimension conceptSchemeRef="CONCEPTS" conceptSchemeAgency="EUROSTAT" conceptRef="FREQ" codelistAgency="SDMX" codelist="CL_FREQ" isFrequencyDimension="true"/>
<structure:Dimension conceptSchemeRef="CONCEPTS" conceptSchemeAgency="EUROSTAT" conceptRef="bmi" codelistAgency="ESTAT" codelist="CL_BMI" crossSectionalAttachDataSet="false" crossSectionalAttachGroup="false" crossSectionalAttachSection="true" crossSectionalAttachObservation="false"></structure:Dimension>
<structure:Dimension conceptSchemeRef="CONCEPTS" conceptSchemeAgency="EUROSTAT" conceptRef="sex" codelistAgency="ESTAT" codelist="CL_SEX" crossSectionalAttachDataSet="false" crossSectionalAttachGroup="false" crossSectionalAttachSection="true" crossSectionalAttachObservation="false"></structure:Dimension>
<structure:Dimension conceptSchemeRef="CONCEPTS" conceptSchemeAgency="EUROSTAT" conceptRef="age" codelistAgency="ESTAT" codelist="CL_AGE" crossSectionalAttachDataSet="false" crossSectionalAttachGroup="false" crossSectionalAttachSection="true" crossSectionalAttachObservation="false"></structure:Dimension>
<structure:Dimension conceptSchemeRef="CONCEPTS" conceptSchemeAgency="EUROSTAT" conceptRef="quantile" codelistAgency="ESTAT" codelist="CL_QUANTILE" crossSectionalAttachDataSet="false" crossSectionalAttachGroup="false" crossSectionalAttachSection="true" crossSectionalAttachObservation="false"></structure:Dimension>
<structure:Dimension conceptSchemeRef="CONCEPTS" conceptSchemeAgency="EUROSTAT" conceptRef="geo" codelistAgency="ESTAT" codelist="CL_GEO" crossSectionalAttachDataSet="false" crossSectionalAttachGroup="false" crossSectionalAttachSection="true" crossSectionalAttachObservation="false"></structure:Dimension>
<structure:TimeDimension conceptSchemeRef="CONCEPTS" conceptSchemeAgency="EUROSTAT" conceptRef="TIME_PERIOD"><structure:TextFormat textType="String"></structure:TextFormat>
</structure:TimeDimension>
<structure:PrimaryMeasure conceptSchemeRef="CONCEPTS" conceptSchemeAgency="EUROSTAT" conceptRef="OBS_VALUE">
<structure:TextFormat textType="Double"></structure:TextFormat>
</structure:PrimaryMeasure>

<structure:Attribute conceptRef="TIME_FORMAT" conceptSchemeRef="CONCEPTS" conceptSchemeAgency="EUROSTAT" codelistAgency="SDMX" codelist="CL_TIME_FORMAT" attachmentLevel="Series" assignmentStatus="Mandatory"></structure:Attribute>
<structure:Attribute conceptSchemeRef="CONCEPTS" conceptSchemeAgency="EUROSTAT" conceptRef="OBS_STATUS" codelistAgency="EUROSTAT" codelist="CL_OBS_STATUS" attachmentLevel="Observation" assignmentStatus="Conditional" crossSectionalAttachDataSet="false" crossSectionalAttachGroup="false" crossSectionalAttachSection="false" crossSectionalAttachObservation="true"><structure:TextFormat textType="String"></structure:TextFormat>
</structure:Attribute>
</structure:Components>
</structure:KeyFamily>
</KeyFamilies>

</Structure>